{
  "src_mtime": 1762103846.3249295,
  "src_size": 3884956,
  "width": 1280,
  "height": 256,
  "rotation": 0,
  "probed_at": "2025-11-27T14:54:55.949816+00:00"
}