{
  "src_mtime": 1761753708.2735097,
  "src_size": 33656058,
  "width": 1920,
  "height": 404,
  "rotation": 0,
  "probed_at": "2025-10-30T22:20:49.052172+00:00"
}